Date,Open,High,Low,Close,Adj Close,Volume
2017-01-02,3980,3980,3980,3980,3310.131592,0
2017-01-03,3950,3990,3920,3950,3285.180664,71660600
2017-01-04,3880,3980,3880,3950,3285.180664,68494500
2017-01-05,3960,4030,3940,3950,3285.180664,74018400
2017-01-06,3970,4010,3960,4000,3326.765381,44136900
2017-01-09,4000,4030,3990,4020,3343.399414,85713200
2017-01-10,4030,4030,3960,4000,3326.765381,44608000
2017-01-11,3960,4000,3950,3960,3293.497559,47226300
2017-01-12,3920,3970,3920,3960,3293.497559,45738500
2017-01-13,3930,3970,3930,3950,3285.180664,64704600
2017-01-16,3970,4000,3950,3950,3285.180664,42188800
2017-01-17,3980,4000,3960,3970,3301.814697,45793400
2017-01-18,3960,4010,3950,3960,3293.497559,56558200
2017-01-19,3940,3980,3920,3970,3301.814697,53435400
2017-01-20,3920,3940,3820,3830,3185.377686,101523500
2017-01-23,3800,3880,3780,3840,3193.694824,77653500
2017-01-24,3850,3950,3850,3910,3251.913086,113430200
2017-01-25,3940,3940,3890,3900,3243.595947,47799100
2017-01-26,3900,3960,3860,3940,3276.864014,60944600
2017-01-27,3900,3920,3880,3890,3235.279541,47240400
2017-01-30,3860,3910,3860,3860,3210.328613,30060700
2017-01-31,3870,3920,3860,3870,3218.645508,57849200
2017-02-01,3910,3980,3900,3940,3276.864014,77648400
2017-02-02,3940,3980,3900,3950,3285.180664,73895600
2017-02-03,3900,3970,3900,3950,3285.180664,59225000
2017-02-06,3940,3960,3910,3960,3293.497559,52999700
2017-02-07,3930,3960,3920,3920,3260.22998,66017500
2017-02-08,3900,3920,3860,3870,3218.645508,115706000
2017-02-09,3870,3910,3860,3870,3218.645508,78090700
2017-02-10,3870,3910,3860,3890,3235.279541,91636700
2017-02-13,3920,3920,3900,3920,3260.22998,54547600
2017-02-14,3900,3900,3840,3860,3210.328613,146309400
2017-02-15,3860,3860,3860,3860,3210.328613,0
2017-02-16,3880,3890,3840,3870,3218.645508,127779400
2017-02-17,3890,3890,3850,3870,3218.645508,80814700
2017-02-20,3860,3880,3850,3870,3218.645508,26820400
2017-02-21,3880,3890,3860,3880,3226.962402,49368500
2017-02-22,3880,3890,3850,3880,3226.962402,74260200
2017-02-23,3860,3870,3830,3840,3193.694824,122760100
2017-02-24,3830,3870,3830,3840,3193.694824,71119600
2017-02-27,3850,3890,3850,3870,3218.645508,54712100
2017-02-28,3860,3900,3850,3850,3202.011475,65928100
2017-03-01,3870,3890,3840,3850,3202.011475,79662500
2017-03-02,3870,3870,3830,3830,3185.377686,59748700
2017-03-03,3820,3870,3810,3850,3202.011475,92350100
2017-03-06,3860,3920,3850,3920,3260.22998,99064100
2017-03-07,3920,3950,3890,3950,3285.180664,61945400
2017-03-08,3920,3930,3880,3880,3226.962402,31336300
2017-03-09,3960,3960,3880,3960,3293.497559,83224900
2017-03-10,3970,3990,3910,3950,3285.180664,70318300
2017-03-13,3940,3970,3920,3950,3285.180664,54433000
2017-03-14,3950,4070,3950,4050,3368.349854,122779100
2017-03-15,4030,4080,4010,4040,3360.033203,80434200
2017-03-16,4060,4150,4060,4140,3443.201904,123306900
2017-03-17,4140,4140,4030,4110,3418.251465,123085600
2017-03-20,4100,4110,4050,4100,3409.934326,87628300
2017-03-21,4060,4120,4060,4090,3401.617676,75349600
2017-03-22,4060,4080,4010,4070,3384.983887,110927600
2017-03-23,4070,4100,4050,4090,3401.617676,72319900
2017-03-24,4080,4110,4050,4080,3393.300781,71877500
2017-03-27,4080,4090,4070,4080,3393.300781,56070700
2017-03-29,4080,4150,4080,4150,3451.519043,84076600
2017-03-30,4140,4170,4110,4140,3443.201904,61410200
2017-03-31,4180,4190,4130,4130,3434.88501,88859000
2017-04-03,4130,4200,4130,4170,3468.153076,66564400
2017-04-04,4170,4290,4170,4250,3534.687744,108165500
2017-04-05,4250,4250,4250,4250,3534.687744,0
2017-04-06,4180,4200,4130,4170,3468.153076,79905800
2017-04-07,4130,4140,4110,4130,3434.88501,72954300
2017-04-10,4110,4140,4090,4100,3409.934326,53211800
2017-04-11,4110,4180,4110,4150,3451.519043,54580200
2017-04-12,4170,4170,4110,4150,3451.519043,33441400
2017-04-13,4150,4170,4090,4090,3401.617676,47225000
2017-04-17,4090,4090,4010,4010,3335.082275,51373500
2017-04-18,4060,4120,4050,4070,3384.983887,68193500
2017-04-19,4070,4070,4070,4070,3384.983887,0
2017-04-20,4030,4150,4030,4110,3418.251465,110208600
2017-04-21,4180,4420,4170,4420,3676.075928,237062100
2017-04-25,4500,4520,4330,4420,3676.075928,213322700
2017-04-26,4380,4410,4360,4400,3659.44165,103930700
2017-04-27,4380,4400,4360,4370,3634.491211,78695300
2017-04-28,4400,4410,4370,4370,3634.491211,124845700
2017-05-02,4410,4450,4380,4410,3667.758789,140198900
2017-05-03,4400,4400,4330,4340,3708.230957,92896600
2017-05-04,4360,4390,4340,4370,3733.864014,100510700
2017-05-05,4350,4360,4330,4340,3708.230957,43566800
2017-05-08,4370,4380,4310,4340,3708.230957,85508700
2017-05-09,4390,4450,4330,4340,3708.230957,90061700
2017-05-10,4340,4410,4330,4370,3733.864014,85484500
2017-05-12,4410,4440,4380,4400,3759.496582,84813500
2017-05-15,4420,4420,4320,4360,3725.319336,88965200
2017-05-16,4390,4390,4340,4340,3708.230957,79436500
2017-05-17,4380,4380,4300,4340,3708.230957,65470700
2017-05-18,4300,4340,4270,4310,3682.598389,78913600
2017-05-19,4300,4650,4300,4530,3870.573486,140860000
2017-05-22,4590,4670,4440,4470,3819.306885,92800400
2017-05-23,4500,4520,4370,4400,3759.496582,70551200
2017-05-24,4360,4410,4330,4360,3725.319336,76441800
2017-05-26,4430,4490,4430,4470,3819.306885,123903300
2017-05-29,4470,4470,4360,4390,3750.952637,69694400
2017-05-30,4350,4380,4330,4330,3699.686768,57720500
2017-05-31,4350,4370,4300,4350,3716.775391,184808900
2017-06-01,4350,4350,4350,4350,3716.775391,0
2017-06-02,4400,4450,4340,4380,3742.408691,168414800
2017-06-05,4340,4380,4300,4340,3708.230957,88200300
2017-06-06,4350,4350,4300,4310,3682.598389,99538800
2017-06-07,4350,4350,4290,4320,3691.142334,99176400
2017-06-08,4320,4320,4300,4300,3674.053955,88979800
2017-06-09,4370,4380,4320,4330,3699.686768,137960200
2017-06-12,4320,4340,4310,4330,3699.686768,52481100
2017-06-13,4340,4360,4330,4360,3725.319336,61967400
2017-06-14,4380,4380,4330,4360,3725.319336,72198600
2017-06-15,4350,4370,4330,4360,3725.319336,50887900
2017-06-16,4330,4440,4330,4370,3733.864014,267351200
2017-06-19,4400,4420,4390,4400,3759.496582,48458800
2017-06-20,4420,4510,4400,4490,3836.395508,93396600
2017-06-21,4480,4530,4460,4520,3862.028809,116596300
2017-06-22,4540,4540,4500,4520,3862.028809,76420700
2017-06-23,4520,4520,4520,4520,3862.028809,0
2017-06-26,4520,4520,4520,4520,3862.028809,0
2017-06-27,4520,4520,4520,4520,3862.028809,0
2017-06-28,4520,4520,4520,4520,3862.028809,0
2017-06-29,4520,4520,4520,4520,3862.028809,0
2017-06-30,4520,4520,4520,4520,3862.028809,0
2017-07-03,4530,4790,4520,4790,4092.724609,213322100
2017-07-04,4710,4730,4590,4590,3921.838623,126977200
2017-07-05,4550,4590,4530,4580,3913.294434,76950600
2017-07-06,4570,4680,4570,4650,3973.104736,74712800
2017-07-07,4640,4690,4630,4630,3956.016113,74859600
2017-07-10,4670,4670,4560,4570,3904.750244,40905200
2017-07-11,4590,4640,4560,4600,3930.383301,59015400
2017-07-12,4580,4640,4580,4620,3947.471924,42386500
2017-07-13,4660,4680,4580,4600,3930.383301,83010800
2017-07-14,4580,4620,4570,4600,3930.383301,61198800
2017-07-17,4570,4650,4570,4650,3973.104736,53983200
2017-07-18,4660,4660,4590,4630,3956.016113,63087200
2017-07-19,4630,4630,4570,4600,3930.383301,31882000
2017-07-20,4620,4650,4600,4630,3956.016113,65946300
2017-07-21,4600,4620,4530,4560,3896.205566,61852600
2017-07-24,4500,4650,4500,4650,3973.104736,139361700
2017-07-25,4680,4740,4640,4720,4032.914795,82776400
2017-07-26,4700,4740,4650,4700,4015.826416,65286900
2017-07-27,4700,4720,4650,4650,3973.104736,79556300
2017-07-28,4670,4720,4660,4700,4015.826416,77012600
2017-07-31,4680,4750,4670,4690,4007.281982,105620500
2017-08-01,4700,4820,4690,4770,4075.63623,98006400
2017-08-02,4800,4840,4780,4800,4101.269043,76646000
2017-08-03,4760,4790,4670,4700,4015.826416,57453500
2017-08-04,4700,4710,4660,4670,3990.193115,53596700
2017-08-07,4670,4730,4660,4670,3990.193115,50259300
2017-08-08,4650,4690,4650,4690,4007.281982,55006100
2017-08-09,4670,4720,4670,4710,4024.370361,67040700
2017-08-10,4720,4730,4700,4710,4024.370361,36139000
2017-08-11,4690,4700,4660,4680,3998.738037,61681900
2017-08-14,4720,4730,4700,4710,4024.370361,45942500
2017-08-15,4750,4750,4710,4730,4041.459717,62541500
2017-08-16,4750,4780,4730,4770,4075.63623,72564900
2017-08-17,4770,4770,4770,4770,4075.63623,0
2017-08-18,4770,4820,4770,4780,4084.181152,72171800
2017-08-21,4800,4800,4730,4770,4075.63623,36963300
2017-08-22,4800,4810,4770,4790,4092.724609,45279100
2017-08-23,4800,4810,4750,4800,4101.269043,55475800
2017-08-24,4800,4800,4760,4780,4084.181152,59747100
2017-08-25,4800,4810,4770,4770,4075.63623,34666200
2017-08-28,4740,4770,4720,4750,4058.547607,42681600
2017-08-29,4740,4760,4710,4730,4041.459717,66770700
2017-08-30,4720,4760,4720,4740,4050.003174,41010800
2017-08-31,4740,4750,4690,4690,4007.281982,60803000
2017-09-01,4690,4690,4690,4690,4007.281982,0
2017-09-04,4710,4710,4660,4680,3998.738037,74663400
2017-09-05,4670,4680,4620,4650,3973.104736,71280300
2017-09-06,4650,4730,4650,4710,4024.370361,60257800
2017-09-07,4700,4730,4690,4700,4015.826416,47238900
2017-09-08,4670,4720,4670,4720,4032.914795,40939600
2017-09-11,4710,4720,4700,4710,4024.370361,45419200
2017-09-12,4720,4730,4700,4720,4032.914795,68810000
2017-09-13,4650,4730,4650,4690,4007.281982,55115400
2017-09-14,4690,4700,4660,4670,3990.193115,53421400
2017-09-15,4650,4700,4650,4690,4007.281982,112759200
2017-09-18,4680,4720,4660,4710,4024.370361,61345400
2017-09-19,4690,4720,4680,4710,4024.370361,54676900
2017-09-20,4690,4710,4680,4690,4007.281982,58141200
2017-09-21,4690,4690,4690,4690,4007.281982,0
2017-09-22,4690,4690,4610,4640,3964.560059,100046700
2017-09-25,4620,4670,4610,4650,3973.104736,33070000
2017-09-26,4640,4710,4640,4690,4007.281982,83557100
2017-09-27,4690,4710,4680,4700,4015.826416,60995800
2017-09-28,4720,4740,4710,4710,4024.370361,105241200
2017-09-29,4700,4750,4670,4680,3998.738037,202031900
2017-10-02,4690,4690,4660,4680,3998.738037,79696400
2017-10-03,4650,4700,4640,4690,4007.281982,113933700
2017-10-04,4660,4710,4660,4690,4007.281982,101963100
2017-10-05,4680,4690,4640,4660,3981.648682,164687600
2017-10-06,4680,4680,4630,4660,3981.648682,83595800
2017-10-09,4640,4660,4610,4620,3947.471924,73027700
2017-10-10,4650,4650,4510,4530,3870.573486,95524700
2017-10-11,4540,4550,4310,4400,3759.496582,365951800
2017-10-12,4380,4490,4370,4440,3793.673828,163091000
2017-10-13,4440,4450,4400,4430,3785.129883,122491000
2017-10-16,4380,4480,4380,4450,3802.218506,167517000
2017-10-17,4400,4410,4320,4400,3759.496582,286827400
2017-10-18,4400,4400,4190,4300,3674.053955,379725700
2017-10-19,4230,4250,4180,4210,3597.155029,231274800
2017-10-20,4250,4290,4200,4270,3648.421143,107642900
2017-10-23,4270,4320,4240,4250,3631.332031,118213500
2017-10-24,4270,4270,4230,4230,3614.243896,69942200
2017-10-25,4210,4230,4060,4090,3494.623535,308355300
2017-10-26,4010,4260,4010,4160,3554.43335,348271000
2017-10-27,4190,4200,4080,4150,3545.88916,122923500
2017-10-30,4150,4180,4080,4080,3486.079102,140445100
2017-10-31,4150,4150,4030,4030,3443.357178,111757900
2017-11-01,4070,4080,3910,3950,3375.002686,267366500
2017-11-02,3980,4110,3970,4030,3443.357178,154764900
2017-11-03,4050,4100,4010,4090,3494.623535,80926400
2017-11-06,4100,4210,4070,4190,3580.066406,177511800
2017-11-07,4180,4210,4160,4190,3580.066406,84694700
2017-11-08,4160,4160,4100,4100,3503.16748,145225500
2017-11-09,4100,4180,4100,4160,3554.43335,91933800
2017-11-10,4130,4160,4120,4120,3520.256104,56993800
2017-11-13,4130,4160,4100,4100,3503.16748,92109100
2017-11-14,4100,4110,4070,4080,3486.079102,64809800
2017-11-15,4090,4180,4080,4130,3528.800537,96128400
2017-11-16,4150,4230,4150,4200,3588.61084,134137000
2017-11-17,4200,4230,4200,4200,3588.61084,80261800
2017-11-20,4220,4220,4150,4150,3545.88916,48453900
2017-11-21,4170,4200,4150,4200,3588.61084,96842900
2017-11-22,4220,4220,4190,4200,3588.61084,69602300
2017-11-23,4200,4270,4200,4250,3631.332031,62887900
2017-11-24,4220,4320,4220,4320,3691.142334,87879900
2017-11-27,4320,4350,4280,4300,3674.053955,82769500
2017-11-28,4270,4290,4230,4240,3622.787842,99928100
2017-11-29,4220,4240,4180,4200,3588.61084,79872900
2017-11-30,4200,4220,4150,4150,3545.88916,185905200
2017-12-01,4150,4150,4150,4150,3545.88916,0
2017-12-04,4180,4230,4160,4200,3588.61084,78040500
2017-12-05,4210,4220,4180,4200,3588.61084,96504800
2017-12-06,4160,4210,4160,4200,3588.61084,92126500
2017-12-07,4200,4210,4160,4200,3588.61084,52703100
2017-12-08,4150,4200,4120,4140,3537.344727,88536500
2017-12-11,4110,4150,4110,4140,3537.344727,47625800
2017-12-12,4150,4190,4150,4170,3562.978027,63036000
2017-12-13,4150,4200,4150,4200,3588.61084,49020200
2017-12-14,4220,4250,4200,4250,3631.332031,61517800
2017-12-15,4200,4240,4180,4230,3614.243896,77110600
2017-12-18,4250,4250,4170,4240,3622.787842,47756500
2017-12-19,4200,4200,4170,4190,3580.066406,85383600
2017-12-20,4190,4200,4160,4160,3554.43335,87778400
2017-12-21,4190,4250,4170,4250,3631.332031,83893400
2017-12-22,4250,4300,4210,4300,3674.053955,50330400
2017-12-25,4300,4300,4300,4300,3674.053955,0
2017-12-26,4300,4300,4300,4300,3674.053955,0
2017-12-27,4270,4310,4270,4300,3674.053955,32211800
2017-12-28,4300,4390,4270,4390,3750.952637,88576700
2017-12-29,4390,4460,4390,4440,3793.673828,110053200
2018-01-01,4440,4440,4440,4440,3793.673828,0
2018-01-02,4430,4460,4380,4410,3768.04126,66075600
2018-01-03,4380,4380,4200,4230,3614.243896,129205000
2018-01-04,4230,4250,4190,4220,3605.699219,77953300
2018-01-05,4220,4280,4200,4280,3656.965088,55863000
2018-01-08,4250,4290,4250,4260,3639.876709,42916700
2018-01-09,4240,4240,4180,4200,3588.61084,100497400
2018-01-10,4200,4250,4180,4190,3580.066406,95004000
2018-01-11,4200,4200,4150,4170,3562.978027,80524900
2018-01-12,4160,4190,4130,4130,3528.800537,70976800
2018-01-15,4160,4170,4100,4120,3520.256104,71388000
2018-01-16,4150,4220,4120,4210,3597.155029,84393300
2018-01-17,4210,4220,4180,4200,3588.61084,77197700
2018-01-18,4210,4240,4160,4170,3562.978027,100089500
2018-01-19,4190,4190,4120,4160,3554.43335,70890100
2018-01-22,4120,4160,4120,4130,3528.800537,83090400
2018-01-23,4160,4160,4030,4090,3494.623535,184176500
2018-01-24,4090,4090,3970,3980,3400.635986,241779600
2018-01-25,3980,4020,3920,3970,3392.091553,232552500
2018-01-26,3990,4160,3990,4150,3545.88916,246067800
2018-01-29,4170,4180,4030,4070,3477.534668,156356300
2018-01-30,4020,4040,3960,3970,3392.091553,140694300
2018-01-31,3960,4060,3950,3990,3409.180176,112276200
2018-02-01,4030,4070,3980,3980,3400.635986,102291000
2018-02-02,4030,4030,4000,4000,3417.724365,71707200
2018-02-05,3950,4030,3920,4010,3426.268555,70792500
2018-02-06,3950,3990,3930,3940,3366.45874,146207400
2018-02-07,3990,4020,3950,3980,3400.635986,120081100
2018-02-08,3980,4040,3940,4020,3434.813232,101865000
2018-02-09,3970,4000,3940,3950,3375.002686,78255000
2018-02-12,3950,3990,3950,3960,3383.547363,58535200
2018-02-13,3990,4060,3980,4040,3451.901855,79288000
2018-02-14,4050,4080,3990,4040,3451.901855,63313200
2018-02-15,4050,4060,4000,4010,3426.268555,32896000
2018-02-16,4010,4010,4010,4010,3426.268555,0
2018-02-19,4050,4080,4040,4050,3460.446045,89429500
2018-02-20,4080,4080,4040,4070,3477.534668,53466600
2018-02-21,4040,4080,4020,4070,3477.534668,74130200
2018-02-22,4070,4070,4010,4010,3426.268555,91272600
2018-02-23,4030,4040,4010,4030,3443.357178,59706400
2018-02-26,4050,4050,4010,4030,3443.357178,56293900
2018-02-27,4030,4030,3960,4020,3434.813232,81554100
2018-02-28,3970,4050,3970,4000,3417.724365,94528200
2018-03-01,4050,4090,4020,4060,3468.990479,84215600
2018-03-02,4060,4070,4030,4070,3477.534668,61410200
2018-03-05,4050,4060,4000,4020,3434.813232,56394900
2018-03-06,4050,4060,4020,4020,3434.813232,59010500
2018-03-07,4000,4040,3980,4000,3417.724365,100646000
2018-03-08,4050,4140,4020,4140,3537.344727,152547000
2018-03-09,4150,4160,4090,4150,3545.88916,97354700
2018-03-12,4170,4200,4130,4200,3588.61084,87344000
2018-03-13,4160,4180,4080,4090,3494.623535,96605900
2018-03-14,4070,4090,4040,4060,3468.990479,74296000
2018-03-15,4030,4040,3930,3930,3357.914063,133775500
2018-03-16,3930,3950,3820,3820,3263.927002,208216200
2018-03-19,3860,3900,3810,3820,3263.927002,111808000
2018-03-20,3800,3810,3640,3660,3127.218262,254154700
2018-03-21,3660,3720,3630,3710,3169.939453,152085900
2018-03-22,3720,3810,3690,3700,3161.395264,132850400
2018-03-23,3520,3690,3520,3660,3127.218262,104485500
2018-03-26,3600,3650,3580,3590,3067.407471,104993600
2018-03-27,3630,3650,3540,3560,3041.774658,106157400
2018-03-28,3570,3620,3540,3570,3050.319336,83907700
2018-03-29,3580,3600,3530,3600,3075.951904,106930200
2018-03-30,3600,3600,3600,3600,3075.951904,0
2018-04-02,3640,3680,3600,3670,3135.761963,63944000
2018-04-03,3640,3670,3620,3630,3101.584717,57234700
2018-04-04,3630,3660,3570,3600,3075.951904,80976000
2018-04-05,3650,3690,3650,3680,3144.306396,102973700
2018-04-06,3680,3690,3650,3650,3118.673584,62905500
2018-04-09,3630,3780,3630,3770,3221.205566,114947800
2018-04-10,3740,3880,3730,3860,3298.104248,138847700
2018-04-11,3850,3890,3850,3870,3306.648682,58454500
2018-04-12,3830,3860,3740,3750,3204.116699,76340800
2018-04-13,3760,3780,3630,3660,3127.218262,88313600
2018-04-16,3660,3660,3660,3660,3127.218262,0
2018-04-17,3660,3660,3660,3660,3127.218262,0
2018-04-18,3720,3770,3710,3770,3221.205566,65927000
2018-04-19,3770,3770,3770,3770,3221.205566,0
2018-04-20,3770,3770,3770,3770,3221.205566,0
2018-04-23,3720,3780,3720,3750,3204.116699,72362700
2018-04-24,3810,3830,3770,3830,3272.471191,81396500
2018-04-25,3830,3830,3830,3830,3272.471191,0
2018-04-26,3830,3830,3830,3830,3272.471191,0
2018-04-27,3830,3830,3830,3830,3272.471191,0
2018-04-30,3750,3870,3750,3830,3272.471191,95418200
2018-05-01,3830,3830,3830,3830,3272.471191,0
2018-05-02,3810,3880,3780,3870,3306.648682,118872100
2018-05-03,3850,3860,3740,3740,3195.572754,91601300
2018-05-04,3700,3750,3650,3730,3187.028076,80894300
2018-05-07,3750,3820,3730,3800,3246.837891,97351600
2018-05-08,3650,3670,3570,3620,3120.577148,107379900
2018-05-09,3600,3780,3530,3700,3189.540283,149687500
2018-05-10,3700,3700,3700,3700,3189.540283,0
2018-05-11,3700,3750,3620,3630,3129.197754,120995700
2018-05-14,3560,3610,3500,3540,3051.614258,161018200
2018-05-15,3520,3530,3350,3370,2905.067871,230994800
2018-05-16,3280,3530,3250,3480,2999.89209,205406800
2018-05-17,3510,3610,3490,3490,3008.512451,179026500
2018-05-18,3520,3530,3400,3490,3008.512451,75748600
2018-05-21,3490,3490,3410,3420,2948.169922,57210900
2018-05-22,3420,3500,3420,3470,2991.271729,78667200
2018-05-23,3460,3530,3450,3470,2991.271729,110630200
2018-05-24,3480,3590,3480,3560,3068.85498,84178300
2018-05-25,3540,3590,3530,3560,3068.85498,66374400
2018-05-28,3580,3700,3560,3690,3180.920166,90299200
2018-05-29,3690,3690,3690,3690,3180.920166,0
2018-05-30,3600,3730,3590,3600,3103.336426,148933500
2018-05-31,3600,3610,3500,3520,3034.373779,255204300
2018-06-01,3520,3520,3520,3520,3034.373779,0
2018-06-04,3540,3660,3530,3640,3137.817871,141754800
2018-06-05,3680,3860,3660,3830,3301.605225,181376800
2018-06-06,3790,3830,3760,3790,3267.123779,143554900
2018-06-07,3800,3830,3770,3770,3249.883057,122724300
2018-06-08,3710,3730,3600,3610,3111.957031,260396300
2018-06-11,3610,3610,3610,3610,3111.957031,0
2018-06-12,3610,3610,3610,3610,3111.957031,0
2018-06-13,3610,3610,3610,3610,3111.957031,0
2018-06-14,3610,3610,3610,3610,3111.957031,0
2018-06-15,3610,3610,3610,3610,3111.957031,0
2018-06-18,3610,3610,3610,3610,3111.957031,0
2018-06-19,3610,3610,3610,3610,3111.957031,0
2018-06-20,3540,3710,3510,3710,3198.160889,295386100
2018-06-21,3650,3700,3610,3610,3111.957031,123848500
2018-06-22,3610,3630,3540,3580,3086.095703,121490900
2018-06-25,3630,3690,3600,3660,3155.058838,97826600
2018-06-26,3600,3700,3600,3690,3180.920166,91252300
2018-06-27,3690,3780,3690,3710,3198.160889,106616500
2018-06-28,3700,3720,3660,3660,3155.058838,133779300
2018-06-29,3650,3750,3640,3750,3232.642334,79116600
2018-07-02,3800,3800,3710,3750,3232.642334,55810800
2018-07-03,3740,3740,3670,3700,3189.540283,79439500
2018-07-04,3700,3810,3630,3760,3241.262695,54884500
2018-07-05,3800,3830,3760,3830,3301.605225,59717900
2018-07-06,3850,3890,3830,3860,3327.466553,67655200
2018-07-09,3900,4000,3880,3980,3430.911133,68798500
2018-07-10,3990,4050,3960,4030,3474.012695,118127300
2018-07-11,4000,4080,3960,4060,3499.874023,144055300
2018-07-12,4050,4110,4040,4100,3534.355469,114531700
2018-07-13,4080,4100,3970,4020,3465.392578,120852800
2018-07-16,3970,4030,3860,3940,3396.429688,66229700
2018-07-17,3970,3970,3890,3940,3396.429688,53740400
2018-07-18,3910,4030,3890,4010,3456.771973,75157800
2018-07-19,4000,4000,3910,3910,3370.568115,65340900
2018-07-20,3900,3990,3890,3990,3439.53125,66456000
2018-07-23,4030,4090,4010,4060,3499.874023,74605900
2018-07-24,4090,4090,4030,4030,3474.012695,64353800
2018-07-25,4060,4060,3900,3900,3361.947998,55617500
2018-07-26,3920,3940,3890,3930,3387.808838,55761900
2018-07-27,3910,3950,3890,3940,3396.429688,52506800
2018-07-30,3890,3950,3890,3910,3370.568115,49045100
2018-07-31,3830,3830,3550,3570,3077.475586,339081700
2018-08-01,3570,3600,3500,3550,3060.234619,190720900
2018-08-02,3550,3590,3450,3500,3017.132813,171276100
2018-08-03,3480,3490,3430,3460,2982.651367,224005400
2018-08-06,3480,3670,3480,3650,3146.438477,231846400
2018-08-07,3650,3670,3570,3580,3086.095703,111024900
2018-08-08,3600,3600,3520,3550,3060.234619,109077400
2018-08-09,3520,3550,3490,3490,3008.512451,110452900
2018-08-10,3510,3540,3480,3500,3017.132813,79851700
2018-08-13,3440,3450,3360,3370,2905.067871,106124800
2018-08-14,3360,3440,3330,3350,2887.826904,108189200
2018-08-15,3350,3450,3310,3430,2956.790039,95526000
2018-08-16,3390,3430,3350,3350,2887.826904,112653900
2018-08-17,3350,3350,3350,3350,2887.826904,0
2018-08-20,3420,3450,3370,3390,2922.308594,163133800
2018-08-21,3400,3440,3350,3350,2887.826904,126746000
2018-08-22,3350,3350,3350,3350,2887.826904,0
2018-08-23,3390,3390,3290,3300,2844.725098,209401300
2018-08-24,3290,3340,3270,3290,2836.10498,103476200
2018-08-27,3330,3480,3310,3460,2982.651367,142917000
2018-08-28,3480,3600,3480,3580,3086.095703,224122500
2018-08-29,3560,3610,3520,3580,3086.095703,126710100
2018-08-30,3580,3590,3510,3510,3025.753174,80352300
2018-08-31,3500,3520,3460,3490,3008.512451,109920300
2018-09-03,3520,3550,3480,3490,3008.512451,46014400
2018-09-04,3500,3510,3410,3420,2948.169922,77620800
2018-09-05,3400,3400,3250,3270,2818.864258,183864900
2018-09-06,3250,3380,3250,3360,2896.44751,172294300
2018-09-07,3360,3390,3320,3390,2922.308594,99447200
2018-09-10,3380,3400,3350,3380,2913.688232,48741600
2018-09-11,3380,3380,3380,3380,2913.688232,0
2018-09-12,3380,3390,3310,3320,2861.966064,81217700
2018-09-13,3370,3470,3370,3450,2974.030762,115198100
2018-09-14,3470,3600,3470,3590,3094.716309,156541000
2018-09-17,3550,3570,3430,3470,2991.271729,95431800
2018-09-18,3470,3590,3440,3570,3077.475586,132571400
2018-09-19,3580,3610,3540,3550,3060.234619,88139600
2018-09-20,3590,3640,3570,3600,3103.336426,80194400
2018-09-21,3630,3630,3550,3600,3103.336426,98577800
2018-09-24,3590,3600,3510,3540,3051.614258,48101000
2018-09-25,3540,3560,3520,3560,3068.85498,25350200
2018-09-26,3550,3590,3540,3540,3051.614258,51055900
2018-09-27,3580,3590,3550,3580,3086.095703,49549400
2018-09-28,3600,3670,3600,3640,3137.817871,116695900
2018-10-01,3610,3690,3610,3670,3163.679443,45504900
2018-10-02,3640,3670,3580,3620,3120.577148,61393800
2018-10-03,3570,3640,3570,3600,3103.336426,46611900
2018-10-04,3570,3600,3510,3600,3103.336426,82550500
2018-10-05,3540,3600,3530,3530,3042.993896,59270300
2018-10-08,3500,3530,3470,3520,3034.373779,71886100
2018-10-09,3530,3620,3520,3590,3094.716309,58708100
2018-10-10,3640,3640,3560,3600,3103.336426,31937500
2018-10-11,3500,3640,3480,3570,3077.475586,114418300
2018-10-12,3630,3700,3620,3680,3172.299561,87991200
2018-10-15,3700,3750,3650,3660,3155.058838,68466400
2018-10-16,3680,3780,3680,3780,3258.503418,98103600
2018-10-17,3800,3910,3800,3900,3361.947998,122953700
2018-10-18,3840,3880,3720,3760,3241.262695,102322600
2018-10-19,3700,3770,3690,3730,3215.401611,140162100
2018-10-22,3730,3830,3730,3800,3275.744141,57680500
2018-10-23,3800,3800,3670,3700,3189.540283,53266800
2018-10-24,3700,3710,3520,3520,3034.373779,117672200
2018-10-25,3490,3580,3460,3550,3060.234619,120108900
2018-10-26,3580,3660,3580,3630,3129.197754,100554100
2018-10-29,3630,3660,3580,3660,3155.058838,54304000
2018-10-30,3640,3850,3630,3800,3275.744141,158933000
2018-10-31,3850,3870,3730,3850,3318.845947,140351400
2018-11-01,3850,3880,3810,3880,3344.707275,69586900
2018-11-02,3900,3940,3880,3940,3396.429688,98072700
2018-11-05,3850,3910,3850,3890,3353.327393,60121700
2018-11-06,3930,3930,3820,3890,3353.327393,58088000
2018-11-07,3900,3950,3870,3950,3405.049561,98350100
2018-11-08,3970,4000,3920,4000,3448.151855,74004300
2018-11-09,3960,3960,3920,3920,3379.188965,45243300
2018-11-12,3890,3950,3860,3860,3327.466553,57256000
2018-11-13,3810,3850,3750,3830,3301.605225,89819400
2018-11-14,3860,3880,3750,3750,3232.642334,72968500
2018-11-15,3800,3940,3790,3910,3370.568115,71440400
2018-11-16,3930,4110,3920,4050,3491.253418,128595600
2018-11-19,4050,4050,3930,3950,3405.049561,72785900
2018-11-20,3950,3950,3950,3950,3405.049561,0
2018-11-21,3860,3960,3850,3960,3413.67041,97525800
2018-11-22,3910,3990,3910,3980,3430.911133,52279900
2018-11-23,3980,4000,3950,3990,3439.53125,35499400
2018-11-26,3980,4000,3950,3990,3439.53125,43879100
2018-11-27,3940,3950,3850,3880,3344.707275,116422400
2018-11-28,3890,3900,3710,3720,3206.78125,195860500
2018-11-29,3770,3810,3710,3740,3224.021973,120921500
2018-11-30,3760,3780,3680,3680,3172.299561,151545800
2018-12-03,3740,3770,3700,3700,3189.540283,106891000
2018-12-04,3720,3780,3720,3780,3258.503418,121586400
2018-12-05,3740,3800,3730,3770,3249.883057,58424400
2018-12-06,3740,3770,3700,3710,3198.160889,62164100
2018-12-07,3700,3710,3660,3670,3163.679443,92902000
2018-12-10,3650,3720,3610,3680,3172.299561,70093700
2018-12-11,3640,3670,3610,3620,3120.577148,88050700
2018-12-12,3660,3670,3620,3650,3146.438477,87333000
2018-12-13,3680,3780,3660,3750,3232.642334,118965900
2018-12-14,3800,3840,3730,3730,3215.401611,139547100
2018-12-17,3740,3770,3710,3710,3198.160889,86251600
2018-12-18,3700,3740,3680,3740,3224.021973,79833100
2018-12-19,3740,3810,3740,3810,3284.364502,81542500
2018-12-20,3810,3810,3720,3740,3224.021973,100129200
2018-12-21,3700,3770,3700,3760,3241.262695,114752300
2018-12-24,3760,3760,3760,3760,3241.262695,0
2018-12-25,3760,3760,3760,3760,3241.262695,0
2018-12-26,3730,3750,3700,3730,3215.401611,50416400
2018-12-27,3780,3790,3730,3750,3232.642334,49980900
2018-12-28,3770,3780,3750,3750,3232.642334,48224400
2018-12-31,3750,3750,3750,3750,3232.642334,0
2019-01-01,3750,3750,3750,3750,3232.642334,0
2019-01-02,3750,3760,3700,3730,3215.401611,31355300
2019-01-03,3710,3770,3690,3740,3224.021973,83842400
2019-01-04,3690,3740,3690,3710,3198.160889,73936900
2019-01-07,3760,3790,3750,3770,3249.883057,83678100
2019-01-08,3770,3800,3750,3800,3275.744141,67963700
2019-01-09,3820,3830,3730,3730,3215.401611,98529400
2019-01-10,3760,3800,3740,3800,3275.744141,126396700
2019-01-11,3820,3860,3800,3860,3327.466553,116753700
2019-01-14,3810,3850,3790,3850,3318.845947,68487000
2019-01-15,3860,3930,3850,3930,3387.808838,83464900
2019-01-16,3940,4000,3920,3990,3439.53125,139056700
2019-01-17,3970,3990,3960,3990,3439.53125,78766100
2019-01-18,4010,4020,3970,4020,3465.392578,76350400
2019-01-21,4040,4050,4020,4030,3474.012695,83317600
2019-01-22,4000,4010,3930,4000,3448.151855,95420500
2019-01-23,3950,3980,3920,3920,3379.188965,72518500
2019-01-24,3900,3910,3830,3860,3327.466553,118836500
2019-01-25,3880,3930,3840,3880,3344.707275,75844000
2019-01-28,3880,3890,3730,3780,3258.503418,168983100
2019-01-29,3780,3850,3780,3840,3310.22583,118131200
2019-01-30,3850,3890,3830,3860,3327.466553,85903100
2019-01-31,3900,3920,3870,3900,3361.947998,110953700
2019-02-01,3910,3930,3830,3870,3336.08667,79588900
2019-02-04,3890,3890,3780,3780,3258.503418,70070500
2019-02-05,3780,3780,3780,3780,3258.503418,0
2019-02-06,3820,3870,3820,3860,3327.466553,72180200
2019-02-07,3890,3890,3830,3860,3327.466553,39141500
2019-02-08,3810,3850,3810,3850,3318.845947,32131700
2019-02-11,3870,3940,3860,3930,3387.808838,88628900
2019-02-12,3900,3910,3800,3820,3292.985107,92427800
2019-02-13,3840,3850,3780,3790,3267.123779,113161100
2019-02-14,3790,3810,3740,3740,3224.021973,76939400
2019-02-15,3770,3800,3730,3790,3267.123779,67812600
2019-02-18,3830,3920,3830,3900,3361.947998,80275800
2019-02-19,3930,3940,3900,3920,3379.188965,82962700
2019-02-20,3940,3940,3830,3870,3336.08667,87933000
2019-02-21,3870,3890,3860,3870,3336.08667,48031100
2019-02-22,3870,3870,3820,3840,3310.22583,61392700
2019-02-25,3900,3920,3850,3910,3370.568115,53792400
2019-02-26,3920,3930,3880,3930,3387.808838,49657300
2019-02-27,3900,3940,3890,3910,3370.568115,48788200
2019-02-28,3880,3900,3840,3860,3327.466553,161156000
2019-03-01,3890,3920,3880,3910,3370.568115,49810100
2019-03-04,3910,3910,3850,3850,3318.845947,32250500
2019-03-05,3890,3890,3820,3870,3336.08667,41171000
2019-03-06,3860,3880,3820,3820,3292.985107,69927600
2019-03-07,3820,3820,3820,3820,3292.985107,0
2019-03-08,3810,3820,3740,3740,3224.021973,105963500
2019-03-11,3780,3820,3760,3800,3275.744141,43971600
2019-03-12,3800,3820,3730,3760,3241.262695,43343700
2019-03-13,3730,3770,3710,3720,3206.78125,45607600
2019-03-14,3720,3760,3710,3740,3224.021973,62094100
2019-03-15,3720,3760,3710,3750,3232.642334,68778100
2019-03-18,3770,3820,3760,3820,3292.985107,44322600
2019-03-19,3800,3820,3770,3780,3258.503418,33156500
2019-03-20,3810,3820,3750,3760,3241.262695,42784600
2019-03-21,3800,3810,3780,3790,3267.123779,36527500
2019-03-22,3800,3820,3790,3800,3275.744141,26772900
2019-03-25,3730,3790,3720,3790,3267.123779,49162900
2019-03-26,3780,3820,3780,3820,3292.985107,23049100
2019-03-27,3840,3840,3810,3820,3292.985107,35521900
2019-03-28,3820,3890,3810,3880,3344.707275,55847200
2019-03-29,3880,3970,3880,3960,3413.67041,82231400
2019-04-01,3950,3960,3900,3930,3387.808838,28246400
2019-04-02,3910,3950,3910,3930,3387.808838,35443400
2019-04-03,3930,3930,3930,3930,3387.808838,0
2019-04-04,3980,4040,3950,4030,3474.012695,96122100
2019-04-05,4020,4090,4000,4060,3499.874023,66832600
2019-04-08,4020,4030,3940,3950,3405.049561,73208300
2019-04-09,3980,4000,3910,3950,3405.049561,88580200
2019-04-10,3920,3950,3890,3930,3387.808838,52555500
2019-04-11,3900,3930,3880,3890,3353.327393,51480700
2019-04-12,3820,3870,3810,3830,3301.605225,45324300
2019-04-15,3860,3860,3810,3830,3301.605225,44510600
2019-04-16,3830,3880,3830,3870,3336.08667,62572100
2019-04-17,3870,3870,3870,3870,3336.08667,0
2019-04-18,3920,3950,3840,3860,3327.466553,119263400
2019-04-19,3860,3860,3860,3860,3327.466553,0
2019-04-22,3860,3860,3780,3780,3258.503418,48671200
2019-04-23,3780,3870,3730,3850,3318.845947,86443700
2019-04-24,3850,3860,3780,3840,3310.22583,76660900
2019-04-25,3800,3840,3790,3830,3301.605225,52775100
2019-04-26,3800,3910,3800,3910,3370.568115,66452700
2019-04-29,3850,3900,3850,3860,3327.466553,50143700
2019-04-30,3890,3890,3750,3790,3267.123779,132318200
2019-05-01,3790,3790,3790,3790,3267.123779,0
2019-05-02,3760,3880,3760,3830,3301.605225,136768800
2019-05-03,3800,3830,3760,3820,3292.985107,101522800
2019-05-06,3760,3840,3720,3840,3310.22583,107167400
2019-05-07,3870,3910,3840,3900,3361.947998,74814500
2019-05-08,3890,3920,3870,3900,3361.947998,77743400
2019-05-09,3860,3900,3800,3800,3275.744141,74716500
2019-05-10,3800,3840,3790,3790,3267.123779,66672500
2019-05-13,3820,3840,3760,3770,3249.883057,47605100
2019-05-14,3730,3800,3720,3760,3241.262695,77483200
2019-05-15,3770,3790,3660,3660,3155.058838,57596600
2019-05-16,3660,3720,3530,3600,3103.336426,107366200
2019-05-17,3610,3620,3500,3510,3025.753174,94437400
2019-05-20,3520,3620,3480,3600,3103.336426,82354400
2019-05-21,3600,3630,3550,3600,3103.336426,106104000
2019-05-22,3590,3600,3540,3540,3051.614258,63687000
2019-05-23,3540,3690,3540,3660,3155.058838,113281100
2019-05-24,3700,3780,3690,3750,3232.642334,87594500
2019-05-27,3760,3830,3750,3820,3292.985107,87146600
2019-05-28,3800,3820,3690,3690,3180.920166,322246900
2019-05-29,3750,3830,3730,3780,3258.503418,122534500
2019-05-30,3780,3780,3780,3780,3258.503418,0
2019-05-31,3780,3930,3780,3900,3361.947998,194331700
2019-06-03,3900,3900,3900,3900,3361.947998,0
2019-06-04,3900,3900,3900,3900,3361.947998,0
2019-06-05,3900,3900,3900,3900,3361.947998,0
2019-06-06,3900,3900,3900,3900,3361.947998,0
2019-06-07,3900,3900,3900,3900,3361.947998,0
2019-06-10,4000,4060,3970,4040,3482.633301,222522800
2019-06-11,4010,4060,4000,4020,3465.392578,88861700
2019-06-12,3880,3950,3840,3940,3443.20166,134724400
2019-06-13,3940,3990,3900,3990,3486.897217,115734700
2019-06-14,4020,4050,3970,3990,3486.897217,92466800
2019-06-17,3950,3970,3900,3900,3408.245605,60851700
2019-06-18,3890,3990,3890,3980,3478.158203,66112800
2019-06-19,null,null,null,null,null,null
2019-06-20,4110,4110,4020,4040,3530.592773,57673700
2019-06-21,4010,4040,3950,4040,3530.592773,154049700
2019-06-24,4050,4050,3970,3980,3478.158203,50525100
2019-06-25,4040,4040,4000,4010,3504.375488,42601100
2019-06-26,4020,4050,3980,3980,3478.158203,56092200
2019-06-27,4010,4120,4000,4090,3574.288086,94221200
2019-06-28,4100,4200,4090,4140,3617.983643,130153100
2019-07-01,4200,4240,4170,4220,3687.896484,79382300
2019-07-02,4240,4250,4180,4250,3714.113525,87999800
2019-07-03,4160,4240,4160,4240,3705.374512,63296200
2019-07-04,4190,4260,4190,4250,3714.113525,38459300
2019-07-05,4260,4280,4240,4280,3740.330811,50332800
2019-07-08,4230,4290,4210,4270,3731.591797,57903400
2019-07-09,4300,4370,4270,4350,3801.504639,124822400
2019-07-10,4310,4320,4260,4290,3749.070068,62529900
2019-07-11,4250,4280,4240,4270,3731.591797,25645900
2019-07-12,4240,4250,4170,4180,3652.939941,57088600
2019-07-15,4250,4290,4230,4280,3740.330811,66960500
2019-07-16,4240,4280,4210,4240,3705.374512,45461500
2019-07-17,4250,4260,4220,4230,3696.635498,32069800
2019-07-18,4220,4250,4210,4240,3705.374512,45408100
2019-07-19,4260,4280,4250,4270,3731.591797,60692800
2019-07-22,4250,4270,4230,4260,3722.852783,37513700
2019-07-23,4260,4270,4200,4250,3714.113525,62628100
2019-07-24,4230,4240,4160,4190,3661.679199,73904300
2019-07-25,4160,4240,4160,4210,3679.157227,49276300
2019-07-26,4160,4210,4110,4160,3635.46167,70952400
2019-07-29,4150,4240,4140,4200,3670.417969,54336900
2019-07-30,4280,4300,4260,4270,3731.591797,88417200
2019-07-31,4240,4300,4210,4300,3757.809326,175741000
2019-08-01,4300,4300,4260,4280,3740.330811,94856600
2019-08-02,4280,4300,4250,4280,3740.330811,82253800
2019-08-05,4200,4220,4060,4080,3565.549072,112253200
2019-08-06,4060,4190,4050,4130,3609.244385,108890100
2019-08-07,4230,4270,4170,4210,3679.157227,104785500
2019-08-08,4270,4290,4240,4260,3722.852783,95204000
2019-08-09,4300,4300,4240,4260,3722.852783,89600500
2019-08-12,4300,4320,4230,4260,3722.852783,41817800
2019-08-13,4290,4290,4230,4250,3714.113525,98757900
2019-08-14,4300,4300,4270,4290,3749.070068,84928200
2019-08-15,4200,4290,4200,4290,3749.070068,97255500
2019-08-16,4300,4310,4220,4280,3740.330811,51853900
2019-08-19,4340,4340,4290,4340,3792.765625,86011300
2019-08-20,4350,4470,4340,4470,3906.373779,143171600
2019-08-21,4460,4500,4390,4410,3853.938965,99649300
2019-08-22,4380,4450,4320,4450,3888.895508,110968600
2019-08-23,4390,4450,4340,4380,3827.72168,83823900
2019-08-26,4280,4360,4280,4330,3784.026367,77603200
2019-08-27,4390,4410,4320,4380,3827.72168,168209400
2019-08-28,4430,4430,4350,4370,3818.982666,68091100
2019-08-29,4370,4440,4370,4380,3827.72168,65718900
2019-08-30,4430,4450,4420,4450,3888.895508,95138200
2019-09-02,4440,4450,4400,4410,3853.938965,27531000
2019-09-03,4440,4440,4330,4350,3801.504639,66884700
2019-09-04,4310,4350,4280,4290,3749.070068,78905600
2019-09-05,4290,4360,4290,4320,3775.287109,97098300
2019-09-06,4360,4360,4210,4210,3679.157227,117223300
2019-09-09,4280,4300,4240,4270,3731.591797,47057300
2019-09-10,4300,4300,4250,4270,3731.591797,80403000
2019-09-11,4300,4300,4210,4250,3714.113525,90211600
2019-09-12,4220,4230,4160,4170,3644.200928,70382200
2019-09-13,4230,4230,4160,4160,3635.46167,64074800
2019-09-16,4160,4260,4160,4220,3687.896484,85284700
2019-09-17,4240,4280,4220,4270,3731.591797,86432000
2019-09-18,4250,4280,4230,4250,3714.113525,72359600
2019-09-19,4260,4260,4190,4210,3679.157227,58720600
2019-09-20,4250,4300,4230,4290,3749.070068,132359100
2019-09-23,4290,4300,4230,4250,3714.113525,70483600
2019-09-24,4210,4240,4150,4210,3679.157227,88979100
2019-09-25,4220,4250,4180,4220,3687.896484,84582300
2019-09-26,4220,4370,4200,4360,3810.243408,79324000
2019-09-27,4310,4350,4300,4310,3766.54834,52305800
2019-09-30,4270,4330,4270,4310,3766.54834,111879100
2019-10-01,4400,4400,4220,4250,3714.113525,60332400
2019-10-02,4260,4300,4190,4200,3670.417969,51606300
2019-10-03,4190,4250,4160,4200,3670.417969,56433000
2019-10-04,4250,4250,4180,4190,3661.679199,34082000
2019-10-07,4240,4240,4090,4110,3591.766357,42996900
2019-10-08,4170,4170,4060,4090,3574.288086,74448900
2019-10-09,4090,4170,4080,4120,3600.505371,59314500
2019-10-10,4060,4120,4060,4110,3591.766357,34345600
2019-10-11,4100,4170,4100,4170,3644.200928,42198800
2019-10-14,4200,4210,4150,4190,3661.679199,52681800
2019-10-15,4190,4190,4150,4170,3644.200928,64670200
2019-10-16,4170,4190,4140,4170,3644.200928,70555700
2019-10-17,4160,4180,4140,4170,3644.200928,50695300
2019-10-18,4170,4190,4160,4190,3661.679199,169540200
2019-10-21,4200,4250,4190,4200,3670.417969,63797000
2019-10-22,4200,4250,4200,4230,3696.635498,56711100
2019-10-23,4210,4270,4210,4260,3722.852783,97971900
2019-10-24,4300,4350,4250,4350,3801.504639,99213400
2019-10-25,4320,4360,4270,4280,3740.330811,67661500
2019-10-28,4280,4280,4220,4260,3722.852783,30710600
2019-10-29,4230,4330,4220,4330,3784.026367,68715000
2019-10-30,4290,4350,4210,4270,3731.591797,89575600
2019-10-31,4220,4240,4080,4110,3591.766357,185713300
2019-11-01,4090,4150,4060,4080,3565.549072,107208500
2019-11-04,4080,4160,4080,4150,3626.7229,65897700
2019-11-05,4170,4200,4130,4200,3670.417969,109276000
2019-11-06,4180,4190,4110,4120,3600.505371,134618700
2019-11-07,4150,4150,3990,4070,3556.810059,125291200
2019-11-08,4010,4120,3990,4110,3591.766357,70404800
2019-11-11,4040,4120,4040,4100,3583.0271,57079800
2019-11-12,4050,4190,4050,4180,3652.939941,88251100
2019-11-13,4130,4170,4100,4150,3626.7229,91925700
2019-11-14,4110,4130,4010,4050,3539.331787,123468500
2019-11-15,4080,4090,4030,4080,3565.549072,50780500
2019-11-18,4040,4060,3990,4000,3495.636475,104978700
2019-11-19,4000,4020,3970,4020,3513.114502,113996600
2019-11-20,4000,4090,4000,4090,3574.288086,149185500
2019-11-21,4050,4090,4020,4020,3513.114502,64005900
2019-11-22,4030,4050,4000,4050,3539.331787,76569400
2019-11-25,4070,4070,3940,3950,3451.940674,107581200
2019-11-26,3950,3960,3860,3860,3373.289307,281002600
2019-11-27,3870,3930,3800,3880,3390.767334,97511300
2019-11-28,3830,3900,3800,3820,3338.332764,70635000
2019-11-29,3860,3950,3840,3930,3434.462646,72146900
2019-12-02,3960,3960,3930,3950,3451.940674,74263500
2019-12-03,3920,3940,3910,3920,3425.723633,74494000
2019-12-04,3920,3990,3900,3990,3486.897217,64948300
2019-12-05,3990,4080,3990,4060,3548.070801,118494800
2019-12-06,4040,4100,4020,4100,3583.0271,50682100
2019-12-09,4080,4110,4050,4070,3556.810059,80864200
2019-12-10,4050,4070,4010,4040,3530.592773,54824900
2019-12-11,4010,4050,4000,4050,3539.331787,79749500
2019-12-12,4040,4050,3950,3950,3451.940674,147627000
2019-12-13,4000,4020,3960,3990,3486.897217,81937300
2019-12-16,3970,4020,3960,3970,3469.418945,86479200
2019-12-17,3970,3990,3950,3980,3478.158203,91747200
2019-12-18,3960,4000,3950,3990,3486.897217,101569300
2019-12-19,3970,3980,3900,3900,3408.245605,127316000
2019-12-20,3900,4020,3900,4020,3513.114502,152132200
2019-12-23,4020,4030,3980,4020,3513.114502,58715700
2019-12-26,4020,4020,3980,4000,3495.636475,36935300
2019-12-27,3990,4010,3980,3990,3486.897217,52812000
2019-12-30,3980,4030,3970,3970,3469.418945,67738300
2020-01-02,3970,4000,3900,3910,3416.984375,52094000
2020-01-03,3960,3980,3930,3980,3478.158203,70032900
2020-01-06,3930,3970,3930,3960,3460.679932,42908900
2020-01-07,3930,3970,3920,3940,3443.20166,51837600
2020-01-08,3920,3950,3900,3900,3408.245605,52402600
2020-01-09,3920,3970,3920,3960,3460.679932,37580300
2020-01-10,3980,3990,3950,3980,3478.158203,48099000
2020-01-13,4000,4030,3990,4030,3521.85376,61913800
2020-01-14,3980,4000,3940,3950,3451.940674,95058600
2020-01-15,3960,3960,3870,3880,3390.767334,147583300
2020-01-16,3890,3890,3830,3850,3364.550049,118903100
2020-01-17,3860,3870,3800,3810,3329.593506,119904100
2020-01-20,3820,3840,3800,3810,3329.593506,73599200
2020-01-21,3810,3900,3810,3890,3399.506348,78014400
2020-01-22,3890,3890,3850,3860,3373.289307,45839800
2020-01-23,3860,3880,3830,3880,3390.767334,41077400
2020-01-24,3880,3930,3860,3920,3425.723633,58524000
2020-01-27,3920,3920,3830,3840,3355.811035,33081800
2020-01-28,3810,3840,3800,3830,3347.071777,56210000
2020-01-29,3840,3900,3840,3900,3408.245605,51929800
2020-01-30,3910,3910,3850,3860,3373.289307,60391600
2020-01-31,3890,3890,3780,3800,3320.854248,120447900
2020-02-03,3800,3820,3730,3740,3268.419922,68360600
2020-02-04,3810,3810,3730,3760,3285.897949,77259600
2020-02-05,3760,3780,3720,3770,3294.637207,68150800
2020-02-06,3800,3800,3750,3760,3285.897949,56261500
2020-02-07,3780,3820,3760,3790,3312.115479,53578900
2020-02-10,3800,3850,3780,3810,3329.593506,86588500
2020-02-11,3810,3830,3780,3790,3312.115479,50248200
2020-02-12,3800,3850,3780,3820,3338.332764,73840300
2020-02-13,3820,3830,3710,3730,3259.680908,66699800
2020-02-14,3680,3730,3640,3640,3181.029053,108793300
2020-02-17,3630,3660,3590,3610,3154.811768,94887800
2020-02-18,3590,3660,3590,3620,3163.550781,94382900
2020-02-19,3620,3640,3590,3620,3163.550781,63717800
2020-02-20,3620,3650,3600,3630,3172.290039,53035400
2020-02-21,3650,3710,3640,3690,3224.724609,86862600
2020-02-24,3670,3720,3630,3640,3181.029053,72610600
2020-02-25,3600,3670,3590,3590,3137.333496,73990700
2020-02-26,3530,3550,3450,3510,3067.420898,133449900
2020-02-27,3510,3550,3420,3470,3032.464355,88389400
2020-02-28,3390,3490,3340,3490,3049.942627,151751800
2020-03-02,3470,3550,3440,3440,3006.247314,96802900
2020-03-03,3510,3660,3470,3620,3163.550781,114698200
2020-03-04,3640,3840,3630,3830,3347.071777,136081000
2020-03-05,3820,3880,3760,3830,3347.071777,101235000
2020-03-06,3730,3790,3710,3750,3277.15918,86476000
2020-03-09,3560,3620,3500,3500,3058.681641,109347300
2020-03-10,3480,3620,3480,3490,3049.942627,119718000
2020-03-11,3470,3480,3370,3400,2971.290771,115486900
2020-03-12,3300,3440,3270,3310,2892.63916,84363800
2020-03-13,3310,3310,3310,3310,2892.63916,0
2020-03-16,3300,3300,3160,3160,2761.552734,115972300
2020-03-17,3160,3160,2940,2940,2569.292725,150122700
2020-03-18,3010,3080,2740,2810,2455.684326,150147300
2020-03-19,2810,2810,2620,2620,2289.641846,138987300
2020-03-20,2660,2990,2450,2880,2516.85791,267694700
2020-03-23,2880,2880,2680,2680,2342.076416,86157200
2020-03-24,2700,2880,2570,2620,2289.641846,243778900
2020-03-26,2550,3080,2550,2980,2604.249023,267369500
2020-03-27,3050,3270,3050,3090,2700.37915,200952500
2020-03-30,3060,3180,2880,3140,2744.074463,134474300
2020-03-31,3180,3300,3120,3160,2761.552734,151302900
2020-04-01,3180,3200,3040,3100,2709.118164,104550600
2020-04-02,3100,3130,3020,3130,2735.335449,92893600
2020-04-03,3150,3220,3120,3200,2796.509277,83469200
2020-04-06,3280,3330,3180,3330,2910.117188,115495000
2020-04-07,3390,3500,3200,3220,2813.987305,166425600
2020-04-08,3220,3220,3050,3110,2717.857178,124553900
2020-04-09,3110,3180,3030,3120,2726.596436,122622400
2020-04-13,3140,3230,3130,3180,2779.030762,45469500
2020-04-14,3200,3250,3160,3240,2831.465576,79114600
2020-04-15,3250,3300,3090,3110,2717.857178,69832000
2020-04-16,3110,3110,3000,3000,2621.727051,109582500
2020-04-17,3050,3250,3050,3230,2822.726563,127860400
2020-04-20,3270,3270,3120,3120,2726.596436,77306900
2020-04-21,3120,3130,3050,3070,2682.900879,43239400
2020-04-22,3050,3270,3030,3160,2761.552734,126278300
2020-04-23,3200,3240,3070,3070,2682.900879,117391500
2020-04-24,3100,3160,3080,3090,2700.37915,84061400
2020-04-27,3120,3200,3100,3150,2752.813477,85475400
2020-04-28,3170,3200,3140,3160,2761.552734,80212700
2020-04-29,3200,3390,3100,3350,2927.595459,154902100
2020-04-30,3400,3540,3350,3500,3058.681641,163170100
2020-05-04,3400,3400,3260,3320,2901.37793,108988600
2020-05-05,3320,3390,3320,3320,2901.37793,74036700
2020-05-06,3300,3340,3220,3240,2831.465576,86395000
2020-05-08,3270,3290,3150,3190,2787.769775,143584400
2020-05-11,3220,3250,3210,3220,2813.987305,58473100
2020-05-12,3270,3270,3100,3150,2752.813477,138978700
2020-05-13,3150,3170,3080,3160,2761.552734,73238700
2020-05-14,3110,3140,3060,3070,2682.900879,101581300
2020-05-15,3100,3130,3020,3100,2709.118164,114753900
2020-05-18,3100,3220,3100,3220,2813.987305,108828800
2020-05-19,3250,3330,3250,3270,2857.682861,97387100
2020-05-20,3200,3260,3180,3180,2779.030762,76086600
2020-05-26,3150,3280,3130,3250,2840.20459,105792900
2020-05-27,3250,3270,3150,3170,2770.291748,128693900
2020-05-28,3180,3210,3130,3130,2735.335449,177385100
2020-05-29,3100,3150,3080,3150,2752.813477,276092100
2020-06-02,3160,3270,3120,3250,2840.20459,174790600
2020-06-03,3280,3320,3230,3290,2875.160889,216200900
2020-06-04,3320,3390,3250,3300,2883.899902,167708600
2020-06-05,3360,3360,3200,3230,2822.726563,188420700
2020-06-08,3250,3290,3220,3230,2822.726563,221641600
2020-06-09,3250,3270,3140,3140,2744.074463,171214500
2020-06-10,3150,3190,3100,3110,2717.857178,263483700
2020-06-11,3120,3150,3060,3080,2691.640137,175767800
2020-06-12,3080,3080,2970,3030,2647.944336,260087300
2020-06-15,3060,3150,3030,3090,2700.37915,241625700
2020-06-16,3150,3220,3130,3200,2796.509277,194424800
2020-06-17,3210,3230,3140,3210,2805.248047,177784900
2020-06-18,3210,3350,3180,3280,2866.421875,235586600
2020-06-19,3300,3340,3250,3280,2866.421875,227358800
2020-06-22,3290,3300,3180,3200,2796.509277,159776500
2020-06-23,3200,3200,3120,3130,2735.335449,167271000
2020-06-24,3150,3230,3140,3180,2779.030762,170895600
2020-06-25,3160,3220,3140,3160,2761.552734,100882600
2020-06-26,3190,3220,3180,3190,2787.769775,100784500
2020-06-29,3200,3250,3160,3180,2779.030762,156613200
2020-06-30,3090,3100,3050,3050,2801.135254,258068400
2020-07-01,3070,3100,3010,3040,2791.951172,148037400
2020-07-02,3040,3140,3040,3140,2883.791504,178357900
2020-07-03,3150,3180,3110,3120,2865.423584,102033100
2020-07-06,3130,3150,3040,3050,2801.135254,248572600
2020-07-07,3060,3120,3050,3120,2865.423584,169104200
2020-07-08,3130,3160,3110,3150,2892.975586,158166300
2020-07-09,3170,3190,3110,3110,2856.239502,125940800
2020-07-10,3110,3130,3100,3110,2856.239502,95422400
2020-07-13,3120,3130,3080,3090,2837.871338,77733900
2020-07-14,3100,3110,3070,3080,2828.6875,111442600
2020-07-15,3120,3130,3080,3090,2837.871338,102304100
2020-07-16,3090,3110,3080,3100,2847.05542,91951000
2020-07-17,3100,3110,3060,3060,2810.319336,112416300
2020-07-20,3080,3080,3040,3060,2810.319336,64735500
2020-07-21,3050,3110,3050,3060,2810.319336,101283800
2020-07-22,3070,3090,3060,3070,2819.503418,69462100
2020-07-23,3070,3090,3060,3070,2819.503418,70482100
2020-07-24,3080,3080,3020,3020,2773.583008,137265100
2020-07-27,3020,3050,3020,3040,2791.951172,58708800
2020-07-28,3050,3050,3010,3020,2773.583008,102705300
2020-07-29,3030,3050,3000,3000,2755.214844,114352000
2020-07-30,3040,3050,3000,3050,2801.135254,95785000
2020-08-03,3060,3060,2850,2920,2681.742676,255659800
2020-08-04,2970,2970,2920,2950,2709.294678,96018000
2020-08-05,2960,3040,2920,3020,2773.583008,120719100
2020-08-06,3050,3050,3000,3020,2773.583008,71699000
2020-08-07,3020,3030,2970,2980,2736.846924,78347200
2020-08-10,3000,3020,2970,2970,2727.662842,65485400
2020-08-11,2980,3000,2930,2930,2690.926514,175693000
2020-08-12,2930,2960,2920,2950,2709.294678,110934800
2020-08-13,2950,3020,2950,3010,2764.398926,160906600
2020-08-14,3020,3040,3000,3030,2782.76709,93007500
2020-08-18,3030,3060,3000,3050,2801.135254,139358500
2020-08-19,3050,3050,3000,3000,2755.214844,103980600
2020-08-24,3010,3020,2990,3000,2755.214844,76713900
2020-08-25,3010,3010,2980,2980,2736.846924,100013600
2020-08-26,2980,3050,2980,3020,2773.583008,122465300
2020-08-27,3020,3040,2970,2990,2746.030762,102787800
2020-08-28,2990,2990,2940,2960,2718.47876,160569500
2020-08-31,2960,2980,2860,2860,2626.638184,204261100
2020-09-01,2900,2910,2860,2900,2663.374512,90565400
2020-09-02,2900,2970,2900,2950,2709.294678,107589800
2020-09-03,2950,2960,2880,2900,2663.374512,123106100
2020-09-04,2850,2890,2840,2860,2626.638184,143569100
2020-09-07,2870,2910,2870,2900,2663.374512,62206600
2020-09-08,2890,2900,2860,2860,2626.638184,80068200
2020-09-09,2850,2860,2800,2800,2571.533936,108397400
2020-09-10,2800,2800,2620,2700,2479.693359,287496300
2020-09-11,2670,2840,2650,2810,2580.718018,197756800
2020-09-14,2830,2890,2820,2890,2654.19043,127562700
2020-09-15,2890,2900,2810,2830,2599.085938,106215900
2020-09-16,2810,2830,2770,2790,2562.349854,68113400
2020-09-17,2810,2850,2780,2820,2589.9021,97257400
2020-09-18,2850,2890,2840,2890,2654.19043,162116700
2020-09-21,2890,2910,2800,2810,2580.718018,100305100
2020-09-22,2790,2810,2750,2780,2553.165771,75891600
2020-09-23,2770,2810,2740,2800,2571.533936,85953300
2020-09-24,2750,2760,2710,2730,2507.245605,74516800
2020-09-25,2720,2740,2670,2690,2470.509277,180968900
2020-09-28,2710,2730,2660,2660,2442.957275,89256700
2020-09-29,2690,2690,2630,2630,2415.405029,155853900
2020-09-30,2630,2650,2540,2560,2351.116699,235611600
2020-10-01,2600,2760,2600,2750,2525.61377,225006000
2020-10-02,2750,2750,2650,2680,2461.325195,140161900
2020-10-05,2690,2710,2640,2650,2433.773193,124720200
2020-10-06,2680,2700,2620,2650,2433.773193,148977400
2020-10-07,2650,2670,2620,2660,2442.957275,110186000
2020-10-08,2670,2720,2650,2700,2479.693359,154587800
2020-10-09,2710,2750,2700,2730,2507.245605,109122300
2020-10-12,2750,2760,2710,2730,2507.245605,77479100
2020-10-13,2730,2740,2680,2730,2507.245605,97205500
2020-10-14,2730,2830,2710,2810,2580.718018,183236500
2020-10-15,2800,2850,2760,2780,2553.165771,138462900
2020-10-16,2780,2780,2720,2750,2525.61377,135175000
2020-10-19,2800,2810,2710,2710,2488.877441,187840500
2020-10-20,2710,2740,2670,2670,2452.141357,168211100
2020-10-21,2680,2710,2670,2680,2461.325195,142146300
2020-10-22,2670,2720,2650,2700,2479.693359,257179400
2020-10-23,2710,2720,2630,2630,2415.405029,166356000
2020-10-26,2630,2680,2630,2650,2433.773193,97523200
2020-10-27,2640,2690,2620,2620,2406.221191,146366600
2020-11-02,2590,2620,2550,2560,2351.116699,391510600
2020-11-03,2570,2590,2540,2580,2369.484863,188874000
2020-11-04,2600,2640,2580,2580,2369.484863,150678200
2020-11-05,2630,2810,2620,2770,2543.981934,369260400
2020-11-06,2800,2840,2750,2830,2599.085938,243865800
2020-11-09,2860,2900,2840,2880,2645.006348,208192700
2020-11-10,2950,2950,2860,2860,2626.638184,195337300
2020-11-11,2900,3100,2880,3080,2828.6875,480530200
2020-11-12,3080,3080,3010,3040,2791.951172,169609900
2020-11-13,3010,3010,2950,2990,2746.030762,186708800
2020-11-16,3040,3100,3020,3070,2819.503418,206145500
2020-11-17,3100,3270,3100,3220,2957.26416,527501800
2020-11-18,3200,3250,3160,3180,2920.527832,239122600
2020-11-19,3150,3220,3140,3170,2911.34375,185558800
2020-11-20,3190,3270,3180,3220,2957.26416,211892500
2020-11-23,3230,3340,3220,3320,3049.104492,260752200
2020-11-24,3350,3380,3330,3350,3076.656738,207503900
2020-11-25,3370,3390,3280,3280,3012.368408,253156200
2020-11-26,3280,3480,3280,3470,3186.865234,374185400
2020-11-27,3480,3500,3420,3460,3177.681152,163651600
2020-11-30,3460,3470,3220,3230,2966.448242,624142600
2020-12-01,3230,3320,3160,3240,2975.63208,277929200
2020-12-02,3270,3330,3240,3330,3058.288574,187276600
2020-12-03,3330,3360,3280,3300,3030.736328,121434200
2020-12-04,3270,3280,3210,3250,2984.816162,170418900
2020-12-07,3280,3330,3260,3330,3058.288574,175436900
2020-12-08,3350,3350,3290,3300,3030.736328,113775100
2020-12-10,3270,3290,3250,3260,2994.000244,229380200
2020-12-11,3270,3330,3250,3280,3012.368408,154365400
2020-12-14,3300,3340,3250,3320,3049.104492,281474900
2020-12-15,3320,3490,3290,3450,3168.49707,410175700
2020-12-16,3500,3640,3500,3610,3315.441895,455088400
2020-12-17,3610,3620,3520,3540,3251.153809,249797800
2020-12-18,3500,3540,3500,3510,3223.601563,187856600
2020-12-21,3530,3610,3510,3520,3232.785645,267970200
2020-12-22,3500,3540,3340,3360,3085.84082,311860000
2020-12-23,3350,3420,3240,3320,3049.104492,240067600
2020-12-28,3370,3460,3280,3430,3150.12915,178138100
2020-12-29,3500,3530,3400,3420,3140.945068,184525500
2020-12-30,3420,3420,3310,3310,3039.92041,150844500
2021-01-04,3320,3500,3310,3490,3205.233154,165339800
2021-01-05,3480,3480,3420,3470,3186.865234,157800700
2021-01-06,3470,3490,3330,3370,3095.024902,177877900
2021-01-07,3390,3450,3380,3390,3113.392822,140221900
2021-01-08,3450,3620,3440,3570,3278.705811,492643700
2021-01-11,3590,3640,3570,3600,3306.257813,271231200
2021-01-12,3600,3620,3500,3510,3223.601563,189779500
2021-01-13,3550,3550,3460,3480,3196.049316,162329300
2021-01-14,3480,3590,3470,3500,3214.41748,187448400
2021-01-15,3510,3540,3450,3480,3196.049316,133304300
2021-01-18,3480,3520,3430,3450,3168.49707,138913100
2021-01-19,3470,3490,3370,3410,3131.760986,144100700
2021-01-20,3420,3480,3380,3470,3186.865234,116098100
2021-01-21,3500,3520,3460,3480,3196.049316,81801900
2021-01-22,3420,3440,3360,3390,3113.392822,165024200
2021-01-25,3370,3410,3310,3370,3095.024902,118131800
2021-01-26,3360,3390,3260,3260,2994.000244,111414500
2021-01-27,3340,3380,3260,3380,3104.208984,159144700
2021-01-28,3280,3330,3230,3240,2975.63208,142648800
2021-01-29,3290,3290,3110,3110,2856.239502,191915100
2021-02-01,3130,3250,3040,3230,2966.448242,133929600
2021-02-02,3300,3330,3250,3270,3003.184326,114734600
2021-02-03,3250,3330,3220,3240,2975.63208,86433900
2021-02-04,3270,3330,3260,3290,3021.552246,80319500
2021-02-05,3320,3320,3270,3290,3021.552246,52630500
2021-02-08,3300,3370,3270,3280,3012.368408,96635600
2021-02-09,3250,3300,3180,3200,2938.895996,157479200
2021-02-10,3180,3220,3160,3190,2929.711914,125221400
2021-02-11,3220,3230,3170,3190,2929.711914,79940700
2021-02-15,3200,3260,3200,3220,2957.26416,88883300
2021-02-16,3200,3250,3190,3210,2948.080078,82026300
2021-02-17,3220,3250,3140,3150,2892.975586,121105300
2021-02-18,3190,3270,3180,3180,2920.527832,151200300
2021-02-19,3180,3220,3170,3210,2948.080078,63214600
2021-02-22,3210,3240,3170,3170,2911.34375,100425500
2021-02-23,3200,3480,3200,3470,3186.865234,354966200
2021-02-24,3490,3550,3460,3480,3196.049316,303017100
2021-02-25,3510,3570,3450,3490,3205.233154,226833000
2021-02-26,3450,3510,3410,3490,3205.233154,230007700
2021-03-01,3490,3510,3470,3490,3205.233154,91513500
2021-03-02,3490,3500,3440,3460,3177.681152,169061400
2021-03-03,3480,3480,3420,3440,3159.312988,82610700
2021-03-04,3420,3430,3350,3360,3085.84082,142322100
2021-03-05,3340,3370,3320,3320,3049.104492,128546000
2021-03-08,3360,3400,3330,3340,3067.472412,80094900
2021-03-09,3370,3390,3280,3290,3021.552246,110090800
2021-03-10,3340,3420,3310,3400,3122.576904,91631900
2021-03-12,3440,3480,3430,3450,3168.49707,100195200
2021-03-15,3440,3450,3380,3380,3104.208984,50077300
2021-03-16,3400,3410,3360,3360,3085.84082,60111200
2021-03-17,3410,3430,3370,3390,3113.392822,61701400
2021-03-18,3450,3480,3430,3450,3168.49707,101896400
2021-03-19,3410,3440,3380,3440,3159.312988,140000000
2021-03-22,3440,3440,3380,3380,3104.208984,53870300
2021-03-23,3390,3420,3350,3360,3085.84082,55323200
2021-03-24,3320,3390,3320,3370,3095.024902,67173200
2021-03-25,3400,3430,3380,3410,3131.760986,107607200
2021-03-26,3410,3500,3390,3490,3205.233154,106810400
2021-03-29,3470,3490,3400,3410,3131.760986,72214100
2021-03-30,3420,3430,3360,3380,3104.208984,66491800
2021-03-31,3380,3420,3330,3420,3140.945068,134671900
2021-04-01,3390,3440,3380,3390,3113.392822,73332000
2021-04-05,3430,3430,3370,3380,3104.208984,36029200
2021-04-06,3400,3410,3370,3370,3095.024902,40566400
2021-04-07,3410,3430,3380,3400,3122.576904,84754300
2021-04-08,3380,3400,3380,3390,3113.392822,59079700
2021-04-09,3390,3390,3360,3360,3085.84082,56861400
2021-04-12,3340,3390,3300,3310,3039.92041,79003200
2021-04-13,3340,3340,3300,3330,3058.288574,51300200
2021-04-14,3360,3360,3320,3340,3067.472412,52587500
2021-04-15,3340,3360,3320,3360,3085.84082,65669100
2021-04-16,3370,3370,3320,3360,3085.84082,52517800
2021-04-19,3330,3360,3330,3340,3067.472412,44899700
2021-04-20,3330,3350,3300,3320,3049.104492,55700100
2021-04-21,3290,3330,3280,3280,3012.368408,47167800
2021-04-22,3290,3340,3290,3330,3058.288574,54970000
2021-04-23,3330,3330,3290,3310,3039.92041,39798400
2021-04-26,3280,3300,3250,3250,2984.816162,55076200
2021-04-27,3240,3250,3140,3160,2902.159668,166985400
2021-04-28,3160,3170,3130,3140,2883.791504,91596300
2021-04-29,3150,3210,3140,3200,2938.895996,111785100
2021-04-30,3220,3260,3200,3200,2938.895996,143840800
2021-05-03,3200,3210,3130,3170,2911.34375,124724400
2021-05-04,3180,3210,3170,3210,2948.080078,60180600
2021-05-05,3210,3210,3180,3200,2938.895996,76480300
2021-05-06,3200,3200,3150,3190,2929.711914,91955600
2021-05-07,3200,3220,3180,3190,2929.711914,98099900
2021-05-10,3190,3200,3160,3170,2911.34375,104121900
2021-05-11,3170,3200,3150,3180,2920.527832,94281900
2021-05-17,3190,3190,3150,3190,2929.711914,114071400
2021-05-18,3190,3190,3150,3180,2920.527832,77310400
2021-05-19,3150,3220,3150,3160,2902.159668,48958100
2021-05-20,3190,3320,3180,3310,3039.92041,197430900
2021-05-21,3340,3350,3270,3270,3003.184326,104101400
2021-05-24,3290,3330,3220,3260,2994.000244,64347100
2021-05-25,3290,3320,3270,3300,3030.736328,62218300
2021-05-27,3350,3400,3330,3380,3104.208984,233551300
2021-05-28,3380,3400,3260,3270,3003.184326,87439800
2021-05-31,3300,3460,3300,3440,3159.312988,155768200
2021-06-02,3490,3500,3420,3450,3168.49707,108933400
2021-06-03,3420,3490,3420,3490,3205.233154,77627900
2021-06-04,3490,3510,3450,3500,3214.41748,70624200
2021-06-07,3540,3570,3500,3550,3260.337646,124440300
2021-06-08,3550,3550,3470,3500,3214.41748,132409400
2021-06-09,3340,3400,3310,3390,3270.380371,112204200
2021-06-10,3350,3500,3340,3480,3357.20459,137713700
2021-06-11,3490,3500,3420,3470,3347.557617,82336600
2021-06-14,3460,3470,3400,3410,3289.674805,46016500
2021-06-15,3410,3440,3380,3440,3318.616211,60528600
2021-06-16,3380,3430,3380,3410,3289.674805,39149800
2021-06-17,3370,3420,3350,3350,3231.791748,50286100
2021-06-18,3350,3400,3290,3350,3231.791748,168414300
2021-06-21,3280,3340,3260,3300,3183.556152,74248200
2021-06-22,3300,3370,3290,3300,3183.556152,89349200
2021-06-23,3310,3420,3310,3370,3251.086182,81901000
2021-06-24,3330,3360,3240,3250,3135.320557,101334200
2021-06-25,3250,3300,3240,3250,3135.320557,58330700
2021-06-28,3250,3260,3170,3170,3058.143311,66338900
2021-06-29,3190,3260,3150,3160,3048.496094,123411200
2021-06-30,3150,3180,3130,3150,3038.849121,142204500
2021-07-01,3160,3170,3090,3110,3000.260498,143665900
2021-07-02,3110,3130,3060,3070,2961.671875,161855700
2021-07-05,3070,3090,3010,3040,2932.730469,133815000
2021-07-06,3050,3070,3000,3010,2903.789063,151573500
2021-07-07,3030,3070,3010,3030,2923.083496,110215500
2021-07-08,3060,3060,3000,3010,2903.789063,132576600
2021-07-09,3040,3170,3030,3160,3048.496094,222916400
2021-07-12,3190,3190,3110,3130,3019.554688,86268000
2021-07-13,3160,3160,3050,3070,2961.671875,82856600
2021-07-14,3050,3070,3020,3060,2952.024902,84993400
2021-07-15,3110,3140,3080,3130,3019.554688,88092800
2021-07-16,3140,3170,3110,3170,3058.143311,63626300
2021-07-19,3160,3230,3150,3220,3106.37915,116219500
2021-07-21,3190,3240,3180,3210,3096.731934,115099400
2021-07-22,3210,3260,3210,3260,3144.967529,48865700
2021-07-23,3250,3250,3150,3170,3058.143311,67128400
2021-07-26,3140,3200,3140,3190,3077.437744,55525800
2021-07-27,3210,3270,3160,3270,3154.614746,62673400
2021-07-28,3250,3250,3150,3190,3077.437744,103282300
2021-07-29,3210,3290,3200,3230,3116.026123,126542400
2021-07-30,3200,3290,3200,3240,3125.67334,95143100
2021-08-02,3240,3310,3210,3310,3193.203369,60368200
2021-08-03,3310,3360,3290,3330,3212.497559,89712500
2021-08-04,3330,3370,3310,3370,3251.086182,63108600
2021-08-05,3360,3400,3320,3340,3222.144775,89742800
2021-08-06,3360,3380,3310,3320,3202.850342,31664200
2021-08-09,3260,3300,3220,3250,3135.320557,70299500
2021-08-10,3240,3270,3190,3230,3116.026123,57658000
2021-08-12,3260,3350,3240,3350,3231.791748,93133400
2021-08-13,3370,3380,3260,3300,3183.556152,59903600
2021-08-16,3300,3340,3290,3340,3222.144775,38661800
2021-08-18,3360,3440,3350,3420,3299.321777,162921300
2021-08-19,3410,3430,3360,3390,3270.380371,100851800
2021-08-20,3390,3430,3370,3400,3280.027588,113411000
2021-08-23,3420,3440,3400,3440,3318.616211,64122400
2021-08-24,3410,3420,3310,3400,3280.027588,69338100
2021-08-25,3390,3390,3330,3370,3251.086182,66618200
2021-08-26,3330,3360,3320,3360,3241.438965,55756100
2021-08-27,3370,3370,3310,3320,3202.850342,62419000
2021-08-30,3330,3400,3330,3400,3280.027588,64177700
2021-08-31,3400,3420,3360,3400,3280.027588,130019000
2021-09-01,3420,3420,3330,3340,3222.144775,85135200
2021-09-02,3350,3390,3350,3370,3251.086182,51633800
2021-09-03,3400,3420,3370,3390,3270.380371,65479800
2021-09-06,3410,3410,3380,3390,3270.380371,52640400
2021-09-07,3410,3410,3360,3380,3260.733398,42617400
2021-09-08,3400,3400,3310,3330,3212.497559,80636800
2021-09-09,3360,3390,3330,3390,3270.380371,82214400
2021-09-10,3380,3390,3320,3330,3212.497559,52115300
2021-09-13,3310,3350,3300,3350,3231.791748,45547200
2021-09-14,3380,3450,3350,3440,3318.616211,166002100
2021-09-15,3430,3450,3410,3450,3328.263184,73158300
2021-09-16,3470,3470,3400,3440,3318.616211,58318700
2021-09-17,3400,3530,3390,3530,3405.44043,117573100
2021-09-20,3500,3520,3460,3520,3395.793213,83985100
2021-09-21,3500,3560,3480,3530,3405.44043,95848100
2021-09-22,3530,3590,3520,3590,3463.323242,66835200
2021-09-23,3600,3610,3550,3560,3434.381836,104737500
2021-09-24,3560,3580,3540,3560,3434.381836,72224500
2021-09-27,3530,3560,3480,3520,3395.793213,87303000
2021-09-28,3510,3540,3490,3530,3405.44043,54671700
2021-09-29,3490,3540,3490,3530,3405.44043,53170100
2021-09-30,3550,3690,3540,3690,3559.794678,153853900
2021-10-01,3680,3690,3610,3660,3530.853271,109898400
2021-10-04,3620,3670,3600,3670,3540.500244,82205100
2021-10-05,3670,3680,3620,3670,3540.500244,140488300
2021-10-06,3690,3770,3650,3760,3627.324707,153535700
2021-10-07,3720,3740,3690,3720,3588.736084,56837600
2021-10-08,3730,3800,3720,3800,3665.913086,91361800
2021-10-11,3800,3850,3770,3810,3675.560303,78865000
2021-10-12,3780,3840,3770,3780,3646.618896,69866300
2021-10-13,3750,3820,3750,3770,3636.97168,87143900
2021-10-14,3770,3830,3770,3830,3694.854492,95817900
2021-10-15,3840,3840,3750,3810,3675.560303,69707700
2021-10-18,3840,3840,3790,3790,3656.266113,78580700
2021-10-19,3750,3800,3720,3740,3608.030273,61095700
2021-10-21,3780,3880,3760,3850,3714.148926,169659500
2021-10-22,3860,3880,3820,3870,3733.443115,59640700
2021-10-25,3800,3840,3780,3780,3646.618896,58246300
2021-10-26,3800,3830,3780,3800,3665.913086,58615100
2021-10-27,3820,3830,3770,3790,3656.266113,52210100
2021-10-28,3820,3820,3710,3750,3617.67749,61151100
2021-10-29,3750,3810,3730,3800,3665.913086,70430900
2021-11-01,3810,3820,3700,3700,3569.44165,65447100
2021-11-02,3700,3710,3640,3660,3530.853271,170260000
2021-11-03,3620,3740,3620,3720,3588.736084,48810500
2021-11-04,3750,3780,3720,3770,3636.97168,53494200
2021-11-05,3760,3770,3710,3770,3636.97168,43133000
2021-11-08,3780,3780,3710,3750,3617.67749,58758600
2021-11-09,3730,3740,3680,3710,3579.088867,92427800
2021-11-10,3670,3720,3670,3700,3569.44165,53511200
2021-11-11,3700,3730,3640,3650,3521.206055,95789600
2021-11-12,3660,3660,3600,3600,3472.970459,115142400
2021-11-15,3600,3650,3600,3600,3472.970459,91001800
2021-11-16,3590,3680,3590,3670,3540.500244,99590700
2021-11-17,3690,3690,3600,3630,3501.911865,82023300
2021-11-18,3630,3640,3600,3630,3501.911865,53290400
2021-11-19,3660,3920,3660,3900,3762.384521,310615000
2021-11-22,3920,3930,3780,3800,3665.913086,206683100
2021-11-23,3800,3850,3780,3800,3665.913086,67778800
2021-11-24,3840,3840,3790,3800,3665.913086,67303800
2021-11-25,3880,4090,3850,4000,3858.855957,264897100
2021-11-26,4040,4050,3970,4010,3868.503174,231870300
2021-11-29,4010,4170,3980,4140,3993.916016,228774600
2021-11-30,4150,4170,3990,3990,3849.20874,435800600
2021-12-01,4040,4150,4020,4080,3936.033203,200699200
2021-12-02,4140,4190,4100,4160,4013.210205,116093100
2021-12-03,4130,4180,4050,4070,3926.385986,96760700
2021-12-06,4060,4250,4050,4170,4022.857422,106756900
2021-12-07,4180,4200,4120,4150,4003.562988,121543400
2021-12-08,4100,4120,4010,4090,3945.680176,113845600
2021-12-09,4090,4150,4080,4150,4003.562988,86985800
2021-12-10,4070,4150,4070,4150,4003.562988,90725000
2021-12-13,4150,4150,4080,4080,3936.033203,65533000
2021-12-14,4120,4120,4070,4100,3955.327393,75736900
2021-12-15,4060,4140,4060,4080,3936.033203,84424500
2021-12-16,4110,4150,4060,4100,3955.327393,98164300
2021-12-17,4010,4100,4010,4100,3955.327393,149615800
2021-12-20,4070,4110,4040,4080,3936.033203,72794200
2021-12-21,4110,4190,4100,4160,4013.210205,98039300
2021-12-22,4160,4170,4110,4110,3964.974609,50574500
2021-12-23,4110,4160,4100,4160,4013.210205,54508200
2021-12-24,4160,4170,4100,4110,3964.974609,29075600
2021-12-27,4150,4150,4070,4080,3936.033203,30748000
2021-12-28,4080,4130,4050,4090,3945.680176,39443300
2021-12-29,4100,4130,4080,4080,3936.033203,25596100
2021-12-30,4130,4130,4040,4040,3897.44458,50575100
2022-01-03,4060,4180,4050,4180,4032.504395,65937900
2022-01-04,4180,4200,4150,4170,4022.857422,42984700
2022-01-05,4150,4190,4030,4050,3907.091553,119584700
2022-01-06,4090,4120,4030,4120,3974.621582,89197500
2022-01-07,4120,4190,4090,4170,4022.857422,68415100
2022-01-10,4180,4190,4100,4100,3955.327393,44921200
2022-01-11,4120,4160,4090,4090,3945.680176,61890200
2022-01-12,4110,4140,4070,4110,3964.974609,45132700
2022-01-13,4170,4180,4110,4180,4032.504395,84148400
2022-01-14,4140,4190,4130,4190,4042.151611,28193100
2022-01-17,4200,4200,4140,4180,4032.504395,39816300
2022-01-18,4200,4250,4160,4250,4100.034668,112212200
2022-01-19,4260,4260,4230,4250,4100.034668,88713900
2022-01-20,4300,4300,4190,4220,4071.093018,100014500
2022-01-21,4240,4330,4190,4330,4177.211426,75534800
2022-01-24,4260,4310,4250,4300,4148.27002,70404500
2022-01-25,4310,4320,4250,4290,4138.623047,116353600
2022-01-26,4380,4390,4290,4390,4235.094238,127641400
2022-01-27,4400,4400,4260,4270,4119.328613,98613900
2022-01-28,4260,4300,4230,4260,4109.681641,61686700
2022-01-31,4210,4250,4190,4190,4042.151611,88735900
2022-02-02,4170,4200,4150,4170,4022.857422,144006000
2022-02-03,4200,4210,4160,4200,4051.798828,58212400
2022-02-04,4260,4260,4180,4230,4080.740234,98728700
2022-02-07,4230,4290,4210,4290,4138.623047,90285800
2022-02-08,4280,4280,4230,4230,4080.740234,71210400
2022-02-09,4280,4280,4210,4280,4128.976074,95375000
2022-02-10,4400,4470,4340,4460,4302.624512,233984700
2022-02-11,4500,4550,4410,4450,4292.977051,130081900
2022-02-14,4380,4400,4310,4400,4244.741699,104903700
2022-02-15,4400,4440,4360,4410,4254.388672,75305900
2022-02-16,4420,4460,4380,4400,4244.741699,90121200
2022-02-17,4400,4440,4360,4410,4254.388672,72970200
2022-02-18,4420,4440,4370,4400,4244.741699,71111300
2022-02-21,4370,4420,4340,4370,4215.800293,58883000
2022-02-22,4320,4360,4250,4300,4148.27002,106985800
2022-02-23,4280,4370,4270,4350,4196.505859,110562400
2022-02-24,4280,4320,4200,4240,4090.387207,126158600
2022-02-25,4240,4350,4240,4340,4186.858887,208757000
2022-03-01,4640,4650,4350,4350,4196.505859,206416900
2022-03-02,4400,4400,4270,4290,4138.623047,152165300
2022-03-04,4440,4440,4300,4400,4244.741699,155369100
2022-03-07,4400,4530,4370,4510,4350.859863,177360400
2022-03-08,4600,4700,4540,4620,4456.978516,234086000
2022-03-09,4550,4620,4420,4440,4283.330078,145145900
2022-03-10,4500,4500,4380,4410,4254.388672,130830800
2022-03-11,4410,4590,4400,4590,4428.037109,143446200
2022-03-14,4650,4670,4540,4580,4418.390137,166572700
2022-03-15,4630,4630,4570,4620,4456.978516,231077800
2022-03-16,4660,4660,4550,4630,4466.625977,109961900
2022-03-17,4550,4580,4450,4480,4321.918457,246300800
2022-03-18,4490,4540,4470,4540,4379.801758,210266100
2022-03-21,4550,4570,4520,4550,4389.44873,79691600
2022-03-22,4550,4580,4540,4550,4389.44873,98699900
2022-03-23,4550,4570,4500,4550,4389.44873,78299500
2022-03-24,4500,4570,4500,4560,4399.095703,89578400
2022-03-25,4510,4540,4480,4520,4360.507324,90053700
2022-03-28,4510,4600,4500,4600,4437.68457,184131000
2022-03-29,4600,4620,4560,4560,4399.095703,77920800
2022-03-30,4620,4620,4560,4580,4418.390137,118749100
2022-03-31,4620,4640,4560,4580,4418.390137,108109700
2022-04-01,4550,4580,4530,4580,4418.390137,86590300
2022-04-04,4560,4570,4490,4540,4379.801758,103480300
2022-04-05,4550,4550,4500,4520,4360.507324,52172300
2022-04-06,4490,4500,4420,4430,4273.683105,108368800
2022-04-07,4450,4540,4440,4540,4379.801758,143921800
2022-04-08,4580,4610,4560,4580,4418.390137,161974500
2022-04-11,4610,4610,4550,4590,4428.037109,90521500
2022-04-12,4620,4630,4580,4630,4466.625977,187948000
2022-04-13,4700,4720,4650,4690,4524.508789,196864200
2022-04-14,4700,4730,4660,4680,4514.861328,112735200
2022-04-18,4720,4730,4690,4710,4543.802734,120778200
2022-04-19,4740,4750,4680,4680,4514.861328,92268300
2022-04-20,4680,4690,4620,4630,4466.625977,88360900
2022-04-21,4620,4670,4600,4620,4456.978516,97575800
2022-04-22,4620,4680,4580,4620,4456.978516,101299100
2022-04-25,4610,4720,4580,4710,4543.802734,92045500
2022-04-26,4680,4760,4670,4760,4592.038574,85945800
2022-04-27,4720,4790,4720,4770,4601.685547,136485600
2022-04-28,4850,4850,4620,4620,4456.978516,198484800
2022-05-09,4560,4560,4300,4310,4157.91748,343682000
2022-05-10,4120,4380,4120,4340,4186.858887,281386300
2022-05-11,4400,4480,4330,4330,4177.211426,154455400
2022-05-12,4340,4390,4250,4300,4148.27002,233518500
2022-05-13,4250,4350,4230,4260,4109.681641,190889200
2022-05-17,4250,4290,4180,4180,4032.504395,170880700
2022-05-18,4230,4290,4190,4250,4100.034668,185359500
2022-05-19,4180,4230,4150,4210,4061.445801,112679300
2022-05-20,4220,4230,4170,4170,4022.857422,141701800
2022-05-23,4160,4180,4070,4110,3964.974609,196569900
2022-05-24,4120,4200,4120,4150,4003.562988,151693700
2022-05-25,4200,4210,4150,4200,4051.798828,166595400
2022-05-27,4260,4300,4210,4300,4148.27002,186513500
2022-05-30,4340,4340,4200,4250,4100.034668,107614100
2022-05-31,4270,4330,4230,4310,4157.91748,469620300
2022-06-02,4390,4390,4270,4290,4138.623047,164481100
2022-06-03,4310,4390,4300,4310,4157.91748,108852800
2022-06-06,4310,4340,4270,4340,4186.858887,79319400
2022-06-07,4340,4340,4250,4250,4100.034668,142504000
2022-06-08,4150,4170,4080,4100,4100,202555900
2022-06-09,4080,4130,4050,4050,4050,148580200
2022-06-10,4040,4080,4000,4020,4020,189186700
2022-06-13,3950,4100,3930,4080,4080,156054900
2022-06-14,4050,4120,4020,4110,4110,117325600
2022-06-15,4060,4080,4030,4060,4060,94848800
2022-06-16,4120,4120,4030,4040,4040,96042200
2022-06-17,4010,4120,3980,4120,4120,169375800
2022-06-20,4050,4060,4000,4040,4040,82101200
2022-06-21,4060,4120,4030,4110,4110,77489000
2022-06-22,4090,4090,4040,4050,4050,60907800
2022-06-23,4030,4160,4030,4160,4160,101065400
2022-06-24,4230,4230,4100,4150,4150,81050700
2022-06-27,4110,4120,4040,4070,4070,71574300
2022-06-28,4010,4050,4000,4030,4030,128618800
2022-06-29,4000,4080,4000,4040,4040,72888100
2022-06-30,4110,4110,4000,4000,4000,116718900
2022-07-01,4010,4040,4000,4020,4020,39572500
2022-07-04,4020,4040,3840,3990,3990,115885200
2022-07-05,4010,4070,3950,3990,3990,72329600
2022-07-06,4050,4050,3970,4020,4020,62679000
2022-07-07,4040,4050,4010,4040,4040,42393800
2022-07-08,4050,4060,4000,4010,4010,64049000
2022-07-11,4100,4100,4000,4040,4040,42258000
2022-07-12,4060,4060,4010,4010,4010,43399800
2022-07-13,4010,4030,3930,3940,3940,96218200
2022-07-14,3940,4020,3900,4020,4020,68708500
2022-07-15,4040,4210,4010,4150,4150,146093800
2022-07-18,4110,4190,4070,4190,4190,84009400
2022-07-19,4190,4190,4130,4160,4160,91367900
2022-07-20,4140,4220,4140,4210,4210,82344000
2022-07-21,4210,4260,4180,4260,4260,107234600
2022-07-22,4240,4240,4190,4230,4230,59792300
2022-07-25,4240,4260,4220,4240,4240,37218000
2022-07-26,4240,4250,4190,4250,4250,49786900
2022-07-27,4230,4300,4210,4300,4300,60672300
2022-07-28,4310,4320,4190,4240,4240,110767300
2022-07-29,4280,4300,4210,4230,4230,108823600
2022-08-01,4230,4300,4230,4300,4300,104724300
2022-08-02,4350,4450,4250,4450,4450,112228800
2022-08-03,4450,4590,4410,4500,4500,251825000
2022-08-04,4450,4550,4450,4550,4550,186881500
2022-08-05,4590,4650,4530,4650,4650,268967200
2022-08-08,4700,4700,4650,4700,4700,191023500
2022-08-09,4700,4700,4630,4640,4640,164453900
2022-08-10,4530,4590,4490,4560,4560,162061400
2022-08-11,4550,4610,4520,4570,4570,123629000
2022-08-12,4570,4600,4530,4550,4550,124552500
2022-08-15,4540,4570,4440,4450,4450,136882800
2022-08-16,4530,4580,4410,4410,4410,127710800
2022-08-18,4360,4550,4350,4550,4550,182044300
2022-08-19,4560,4610,4460,4600,4600,177623900
2022-08-22,4550,4660,4530,4650,4650,202320400
2022-08-23,4680,4710,4610,4660,4660,229431400
2022-08-24,4660,4770,4600,4750,4750,189007900
2022-08-25,4680,4700,4560,4570,4570,179495700
2022-08-26,4510,4540,4480,4490,4490,184317100
2022-08-29,4370,4550,4360,4520,4520,101529800
2022-08-30,4580,4620,4480,4480,4480,118884300
2022-08-31,4420,4600,4420,4560,4560,175300400
2022-09-01,4560,4650,4530,4580,4580,120871700